{
  "epoch": 4,
  "train_f1_fold": 0.582085726738258,
  "test_f1_fold": 0.5699847453684767,
  "train_acc_fold": 0.5383497240092754,
  "test_acc_fold": 0.528338765111497,
  "train_jaccard_fold": 0.4335044883615211,
  "test_jaccard_fold": 0.43640903661575575,
  "train_cm_fold": [
    [
      3904,
      7984
    ],
    [
      3812,
      11219
    ]
  ],
  "test_cm_fold": [
    [
      1013,
      2639
    ],
    [
      427,
      2850
    ]
  ]
}