{
  "epoch": 5,
  "train_f1_fold": 0.4107738263599253,
  "test_f1_fold": 0.47279459303883414,
  "train_acc_fold": 0.5335060598507201,
  "test_acc_fold": 0.527226029828399,
  "train_jaccard_fold": 0.28785452458361366,
  "test_jaccard_fold": 0.32925709268907183,
  "train_cm_fold": [
    [
      7156,
      5057
    ],
    [
      7164,
      7405
    ]
  ],
  "test_cm_fold": [
    [
      1663,
      1664
    ],
    [
      1809,
      1930
    ]
  ]
}