{
  "epoch": 4,
  "train_f1_fold": 0.3696841169645961,
  "test_f1_fold": 0.5702852581305317,
  "train_acc_fold": 0.5066652482597985,
  "test_acc_fold": 0.5037771867225407,
  "train_jaccard_fold": 0.2505385527533738,
  "test_jaccard_fold": 0.43439149850511855,
  "train_cm_fold": [
    [
      7836,
      5134
    ],
    [
      8658,
      6164
    ]
  ],
  "test_cm_fold": [
    [
      605,
      1965
    ],
    [
      859,
      2627
    ]
  ]
}