{
  "epoch": 3,
  "train_f1_fold": 0.49343907605874143,
  "test_f1_fold": 0.44749632584481325,
  "train_acc_fold": 0.5380167549556217,
  "test_acc_fold": 0.6204057046844249,
  "train_jaccard_fold": 0.35067049294455993,
  "test_jaccard_fold": 0.31367546762858145,
  "train_cm_fold": [
    [
      6526,
      5902
    ],
    [
      6924,
      9031
    ]
  ],
  "test_cm_fold": [
    [
      2089,
      1023
    ],
    [
      1123,
      1230
    ]
  ]
}