{
  "epoch": 3,
  "train_f1_fold": 0.3514436267292866,
  "test_f1_fold": 0.7448125277083235,
  "train_acc_fold": 0.5313479324773769,
  "test_acc_fold": 0.6479020782317791,
  "train_jaccard_fold": 0.23687646012513655,
  "test_jaccard_fold": 0.6114322359191887,
  "train_cm_fold": [
    [
      8444,
      4217
    ],
    [
      7989,
      4866
    ]
  ],
  "test_cm_fold": [
    [
      596,
      2283
    ],
    [
      236,
      5217
    ]
  ]
}