{
  "epoch": 1,
  "train_f1_fold": 0.430563468968661,
  "test_f1_fold": 0.0016614528302154596,
  "train_acc_fold": 0.49465015145326696,
  "test_acc_fold": 0.4890916534750103,
  "train_auc_roc_fold": 0.5002303508689119,
  "test_auc_roc_fold": 0.5367240065952494,
  "train_jaccard_fold": 0.2802311280084619,
  "test_jaccard_fold": 0.000833548914947319,
  "train_cm_fold": [
    [
      20468,
      16188
    ],
    [
      24925,
      18751
    ]
  ],
  "test_cm_fold": [
    [
      9964,
      30
    ],
    [
      11193,
      12
    ]
  ]
}