{
  "epoch": 1,
  "train_f1_fold": 0.19891117646874626,
  "test_f1_fold": 0.0,
  "train_acc_fold": 0.5080857049639961,
  "test_acc_fold": 0.40438522354255174,
  "train_auc_roc_fold": 0.49306786709667905,
  "test_auc_roc_fold": 0.43893001021865846,
  "train_jaccard_fold": 0.1188263577187854,
  "test_jaccard_fold": 0.0,
  "train_cm_fold": [
    [
      31551,
      6442
    ],
    [
      32561,
      5983
    ]
  ],
  "test_cm_fold": [
    [
      8657,
      0
    ],
    [
      16337,
      0
    ]
  ]
}