{
  "epoch": 1,
  "train_f1_fold": 0.2899790663256433,
  "test_f1_fold": 0.0,
  "train_acc_fold": 0.49276820109220093,
  "test_acc_fold": 0.4555264136528295,
  "train_auc_roc_fold": 0.4919654820476225,
  "test_auc_roc_fold": 0.5406015358881857,
  "train_jaccard_fold": 0.17479129382291936,
  "test_jaccard_fold": 0.0,
  "train_cm_fold": [
    [
      28554,
      10389
    ],
    [
      33632,
      10788
    ]
  ],
  "test_cm_fold": [
    [
      7707,
      0
    ],
    [
      10461,
      0
    ]
  ]
}