{
  "epoch": 2,
  "train_f1_fold": 0.5962554788940667,
  "test_f1_fold": 0.15358428753245207,
  "train_acc_fold": 0.5126345001680672,
  "test_acc_fold": 0.5333264835631973,
  "train_auc_roc_fold": 0.5060005720544145,
  "test_auc_roc_fold": 0.5113021183854467,
  "train_jaccard_fold": 0.4501045594323682,
  "test_jaccard_fold": 0.0886445267316336,
  "train_cm_fold": [
    [
      6767,
      28931
    ],
    [
      8216,
      36837
    ]
  ],
  "test_cm_fold": [
    [
      9690,
      1262
    ],
    [
      9065,
      763
    ]
  ]
}